Date,Description,Category,Cost,Currency,Lohith,Priyatham Katta,Charishma

2026-02-04,Zepto,General,678.00,INR,-226.00,-226.00,452.00
2026-02-04,Maintenance ,Maintenance,2500.00,INR,-833.34,-833.33,1666.67
2026-02-06,Peanuts and dosa,Dining out,313.00,INR,208.67,-104.33,-104.34
2026-02-06,Veggies ,Groceries,63.00,INR,-21.00,42.00,-21.00
2026-02-06,Chicken,Groceries,570.00,INR,-285.00,-285.00,570.00
2026-02-06,Groceries ,Groceries,934.00,INR,-311.33,-311.33,622.66
2026-02-11,Plumber,General,219.00,INR,-73.00,146.00,-73.00
2026-02-11,Chicken,Groceries,448.00,INR,-224.00,224.00,0.00
2026-02-11,Veggies,Groceries,63.00,INR,-21.00,42.00,-21.00
2026-02-11,Rice+Liquid detergent+comfort,Household supplies,898.00,INR,-299.33,598.67,-299.34
2026-02-12,Chicken,Groceries,285.00,INR,-142.50,-142.50,285.00
2026-02-12,Dosa,Dining out,98.00,INR,-32.67,-32.67,65.34
2026-02-12,Dosa - peanuts,Dining out,235.00,INR,117.50,-117.50,0.00
2026-02-12,Dosa and groceries,Groceries,225.00,INR,150.00,-75.00,-75.00
2026-02-14,"Coconut milk, cucumber etc",Groceries,381.00,INR,-127.00,-127.00,254.00
2026-02-15,batters ,General,275.00,INR,-91.67,-91.66,183.33
2026-02-17,Chicken+Peanuts,Groceries,423.00,INR,-141.00,-141.00,282.00
2026-02-17,Chicken breast,Groceries,285.00,INR,-142.50,-142.50,285.00
2026-02-17,Groceries,Groceries,82.00,INR,-27.33,54.67,-27.34
2026-02-17,Groceries,Groceries,150.00,INR,-50.00,100.00,-50.00
2026-02-17,Chicken curry cut,Groceries,270.00,INR,-90.00,180.00,-90.00
2026-02-17,Groceries,Groceries,81.00,INR,-27.00,54.00,-27.00
2026-02-18,Chicken brest,Groceries,285.00,INR,-142.50,-142.50,285.00
2026-02-18,Onion + chilli,Groceries,30.00,INR,-10.00,-10.00,20.00
2026-03-06,Cook + Maid,Services,10000.00,INR,6666.67,-3333.34,-3333.33
2026-03-06,Maintenance ,Maintenance,2500.00,INR,-833.33,-833.34,1666.67
2026-03-10,Oil+ groceries ,Groceries,966.00,INR,-483.00,0.00,483.00
2026-04-01,Maintenance ,Maintenance,2500.00,INR,-833.33,-833.34,1666.67
2026-04-23,Birthday ,General,3811.00,INR,-3811.00,0.00,3811.00
2026-04-23,Groceries ,Groceries,811.00,INR,-270.34,-270.33,540.67
2026-04-28,Electricity ,Electricity,3135.00,INR,2090.00,-1045.00,-1045.00
2026-04-28,Chicken ,Groceries,350.00,INR,-175.00,-175.00,350.00
2026-04-28,Instamart+zepto,General,3186.00,INR,-1062.00,-1062.00,2124.00
2026-04-28,Washing machine repair ,Maintenance,1228.00,INR,-409.34,818.67,-409.33
2026-04-28,Plumber (Feb &Mar),General,490.00,INR,-163.33,326.67,-163.34
2026-04-28,Apr Groceries,Groceries,1420.00,INR,-473.33,946.67,-473.34
2026-04-28,Swiggy- rice + batter + stuff,General,872.00,INR,581.34,-290.67,-290.67
2026-04-28,Chicken ,Groceries,750.00,INR,-375.00,375.00,0.00
2026-05-04,Maintenance ,Maintenance,2500.00,INR,-833.33,-833.33,1666.66
2026-05-04,Turmeric+chicken+garlic paste+batter+curd+vegetables,Groceries,1348.00,INR,-449.33,-449.34,898.67
2026-05-04,Chicken breast,Groceries,265.00,INR,-132.50,-132.50,265.00
2026-06-08,Maintenance ,Maintenance,2500.00,INR,-833.33,-833.33,1666.66
2026-06-08,Oil+rice+soya+vim dishwash+lizol+harpic,Groceries,10900.00,INR,-3633.34,-3633.33,7266.67
2026-06-08,Instamart,Groceries,2339.00,INR,-1169.50,0.00,1169.50
2026-06-11,April- cook+maid,Services,10000.00,INR,6666.67,-3333.34,-3333.33
2026-06-11,May- cook+maid,Services,10000.00,INR,6666.66,-3333.33,-3333.33
2026-06-11,June - cook + maid,Services,10000.00,INR,6666.67,-3333.33,-3333.34
2026-06-16,Rent ,Rent,67500.00,INR,67500.00,-67500.00,0.00
2026-06-16,Loan+Amazon,General,75400.00,INR,-73400.00,75400.00,-2000.00
2026-06-16,Dmart- groceries ,Groceries,3986.00,INR,2657.33,-1328.67,-1328.66
2026-06-16,Bro - dmart,General,800.00,INR,800.00,0.00,-800.00
2026-06-16,Petrol- april,Gas/fuel,4136.00,INR,2757.33,-1378.66,-1378.67
2026-06-16,Petrol- june,Gas/fuel,3350.00,INR,2233.34,-1116.67,-1116.67
2026-06-18,Eazy diner,Dining out,1465.00,INR,1465.00,-1465.00,0.00
2026-06-18,Priyatham K. paid Lohith,Payment,14000.00,INR,-14000.00,14000.00,0.00
2026-06-18,Priyatham K. paid Charishma,Payment,6000.00,INR,0.00,6000.00,-6000.00
2026-06-23,Insta+blinkit+zepto groceries ,Groceries,3981.00,INR,-1327.00,-1327.00,2654.00
2026-07-20,Groceries +rice+eggs,Groceries,3734.00,INR,-1244.66,-1244.67,2489.33
2026-07-20,Maintenance ,Maintenance,2500.00,INR,-833.33,-833.33,1666.66

2026-07-28,Total balance, , ,INR,-2836.31,-3392.82,6229.13

